,Otázka,Správná odpověď,Distraktor 1,Distraktor 2,Distraktor 3,Vysvětlivky a poznámky
Radiokomunikační předpisy,Zajištění účelného využívání rádiových kmitočtů a správu rádiového spektra vykonává,Český telekomunikační úřad,Ministerstvo průmyslu a obchodu,Radiokomunikační rada ČR,Ministerstvo dopravy a spojů,"Vzdušný prostor je plný vln (rádia, mobily, Wi-Fi). Aby v tom nebyl chaos, musí někdo frekvence hlídat a přidělovat. To má v ČR na starosti ČTÚ."
Radiokomunikační předpisy,"Radiokomunikační službou je komunikační činnost, která spočívá v přenosu, vysílání nebo příjmu signálů prostřednictvím",Rádiových vln,Akustických vln,Optických kabelů,Mikrovlnných laserů,"Radiokomunikační služba je jakákoliv komunikace vzduchem bez drátů. Aby to byla radiokomunikace, musí se informace (hlas, data) přenášet čistě pomocí rádiových vln."
Radiokomunikační předpisy,Individuální oprávnění k vyžívání rádiových kmitočtů uděluje,Český telekomunikační úřad,Ministerstvo vnitra ČR,Úřad pro civilní letectví,Řízení letového provozu,"Vysílačka v letadle využívá státní frekvence. Abys ji mohl legálně používat, potřebuješ povolení k provozu (licenci pro stanici), které schvaluje a vydává právě ČTÚ."
Radiokomunikační předpisy,Držitel individuálního oprávnění k využívání rádiových kmitočtů je povinen platit za využívání rádiových kmitočtů,Poplatek dle nařízení vlády o poplatcích,Paušální daň z vysílacího pásma,Licenční poplatek mezinárodní unii ITU,Roční příspěvek Autorskému svazu (OSA),"Za provoz rádia v letadle se platí roční poplatek státu. Částka není vymyšlená úřadem, ale je pevně stanovená nařízením vlády."
Radiokomunikační předpisy,Rádiovým spektrem se rozumí elektromagnetické vlny o kmitočtu (frekvenci),Nižším než 3 000 GHz,Vyšším než 100 kHz,V rozmezí 30 MHz až 300 GHz,Nižším než 300 MHz,"Rádiové spektrum je jen částí celkového elektromagnetického vlnění. Mezinárodně dohodnutá hranice, kde končí rádiové vlny a začíná světlo, je právě 3 000 GHz – všechno pod touto frekvencí je rádio."
Radiokomunikační předpisy,Rádiové kmitočty z pásma 160 MHz spadají do pásma označovaného jako,VHF,UHF,HF,SHF,"VHF is zkratka pro Very High Frequency (Velmi vysoká frekvence). Jedná se o klíčové letecké pásmo, které se mezinárodně pohybuje v rozsahu od 30 do 300 MHz – proto tam spadá i kmitočet 160 MHz."
Radiokomunikační předpisy,Státní kontrolu elektronických komunikací vykonává,Český telekomunikační úřad,Česká obchodní inspekce,Policie ČR - Útvar pro kybernetickou bezpečnost,Ministerstvo informatiky,"Státní kontrola elektronických komunikací znamená dohled nad tím, zda lidé a firmy správně používají rádio, internet nebo mobily a neruší ostatní. Jelikož jde o kontrolu éteru a sítí, v ČR ji má na starosti výhradně Český telekomunikační úřad (ČTÚ)."
Radiokomunikační předpisy,Fyzická osoba vykonávající obsluhu vysílacího rádiového zařízení bez platného průkazu odborné způsobilosti se dopustila,Přestupku,Trestného činu maření výkonu úředního rozhodnutí,Správního deliktu právnických osob,Disciplinárního prohřešku,"Vysílání bez průkazu je porušení zákona. Protože jde o protiprávní jednání člověka (fyzické osoby) a ne o zločin, je to prostě přestupek s pokutou."
Radiokomunikační předpisy,Za obsluhu vysílacího rádiového zařízení bez platného průkazu odborné způsobilosti lze uložit fyzické osobě pokutu do výše,100 000 Kč,10 000 Kč,50 000 Kč,500 000 Kč,"Když vysíláš bez průkazu radiotelefonisty, porušuješ zákon. ČTÚ ti za tento přestupek může napálit pokutu až do maximální výše 100 000 Kč."
Radiokomunikační předpisy,V mezinárodní volací značce České republiky tvoří první dvě písmena (prefix) vždy dvojice písmen,OK nebo OL,CZ nebo CR,CZA nebo CZB,OK nebo OM,"Značku OK mají standardní civilní letadla. Značka OL je mezinárodně přidělená Česku taky, ale používá se pro speciální účely – v letectví ji mají například vojenská letadla nebo se používá v lodní dopravě."
Radiokomunikační předpisy,Mezinárodní volací značka letadlové stanice u letounů zapsaných v leteckém rejstříku ČR je,OK a další tři písmena,CZ a další čtyři čísla,OL a identifikační číslo letu,OK a typové označení letadla,Česká letadla mají v rejstříku vždy pětipísmennou značku. První dvě písmena (OK) označují Českou republiku a následující tři písmena jsou unikátní kód konkrétního letadla (např. OK-ABC).
Radiokomunikační předpisy,Falešné volací značky a falešné signály,Se nesmí používat,Se smí používat pouze při zkušebním vysílání do umělé zátěže,Jsou povoleny v případě nouze mimo letecká pásma,Lze použít se souhlasem Řízení letového provozu,Používání falešných značek nebo vysílání falešných signálů (zejména tísňových) je v letectví přísně zakázáno. Ohrožuje to bezpečnost letového provozu a záchranu lidských životů.
Radiokomunikační předpisy,Pohyblivá stanice letecké pohyblivé služby je,Letadlová stanice,Pozemní meteorologický radar,Věž řízení letového provozu (TWR),Mobilní telefon na palubě letadla,"Letecká pohyblivá služba je komunikace s čímkoliv, co za letu mění polohu. Stanice umístěná na palubě letadla se proto oficiálně nazývá letadlová stanice."
Radiokomunikační předpisy,Pevná služba je,Radiokomunikační služba mezi stanovenými pevnými body,Služba zajišťující opravy pevných vysílačů,Komunikace mezi základnovou stanicí a jedoucím vozidlem,Jakékoliv nouzové vysílání záchranných složek,"Na rozdíl od letadel, která se hýbou, je pevná služba komunikace mezi vysílači, které stojí pevně na zemi (např. mezi dvěma budovami nebo věžemi). Signál tedy putuje výhradně mezi pevně stanovenými body."
Radiokomunikační předpisy,Nejvyšší prioritu a absolutní přednost má zpráva,Tísňová,Pilnostní,Meteorologická,Vládní/Státní,"V letectví je lidský život na prvním místě. Tísňová zpráva (uvozená signálem MAYDAY) hlásí bezprostřední ohrožení letadla nebo posádky, proto musí okamžitě utichnout veškerý ostatní provoz a tato zpráva má absolutní přednost přede vším."
Radiokomunikační předpisy,Pořadí zpráv dle důležitosti je následující:,"Tísňové zprávy, pilnostní zprávy, zprávy o radiovém zaměřování, zprávy pro zajištění bezpečnosti letů, meteorologické zprávy, zprávy o pravidelnosti letů","Tísňové zprávy, zprávy pro zajištění bezpečnosti letů, pilnostní zprávy, meteorologické zprávy","Vládní zprávy, tísňové zprávy, pilnostní zprávy, zprávy o pravidelnosti letů","Tísňové zprávy, pilnostní zprávy, meteorologické zprávy, zprávy o radiovém zaměřování","Tohle je pevná hierarchie v letectví, kterou musíš znát zpaměti. Na prvním místě je vždy záchrana života (tíseň), pak hrozící nebezpečí (pilnost), navigace (zaměřování), organizace provozu a počasí (bezpečnost a meteo) a nakonec provozní věci aerolinek (pravidelnost)."
Radiokomunikační předpisy,Tísňové volání a tísňová zpráva se vysílají jen na rozkaz,Velitele nebo osoby odpovědné za loď nebo letadlo,"Jakéhokoliv člena posádky, který situaci vyhodnotí jako nebezpečnou",Pouze dispečera Řízení letového provozu,Prvního pilota nebo palubního inženýra,"Vyslání tísně (MAYDAY) spustí obrovskou záchrannou operaci a okamžitě zablokuje rádiový provoz. Proto o něm nesmí rozhodnout řadový pilot nebo kdokoli na palubě, ale výhradně velitel letadla (kapitán), který nese za celý let a posádku konečnou odpovědnost."
Radiokomunikační předpisy,Mezinárodní tísňový kmitočet v radiotelefonii v letecké pohyblivé službě je,"121,5 MHz","118,0 MHz","137,0 MHz","243,0 MHz","Kmitočet 121,5 MHz je celosvětově hlídaná civilní nouzová frekvence (tzv. Guard). Nepřetržitě ji monitorují civilní letadla i řízení letového provozu, aby mohl kdokoli v nouzi okamžitě navázat spojení."
Radiokomunikační předpisy,Služba u letadlové nebo lodní stanice podléhá nejvyšší pravomoci,"Velitele nebo osoby, která je odpovědná za letadlo nebo loď",Majitele letadla nebo lodi,Českého telekomunikačního úřadu,Nejbližšího pozemního dispečera,"Stejně jako u vyhlášení tísně, i pro celkový provoz na palubě platí absolutní hierarchie. Velitel letadla (kapitán) má na palubě nejvyšší právní i provozní odpovědnost, takže rádiová stanice a její obsluha podléhají přímo jeho velení."
Radiokomunikační předpisy,Doba platnosti průkazů radiotelefonistů pro leteckou a námořní pohyblivou službu je stanovena na,10 let při prvním vydání průkazu,5 let při prvním vydání průkazu,Na dobu neurčitou,"3 roky, pokud žadatel nesloží praktickou zkoušku","Když úspěšně složíš zkoušku na ČTÚ, tvůj první průkaz radiotelefonisty dostaneš s platností na 10 let. Po uplynutí této doby se dá platnost prodloužit (zpravidla bez nutnosti znovu dělat celou zkoušku), pokud prokážeš, že jsi rádio aktivně používal."
Radiokomunikační předpisy,O prodloužení doby platnosti průkazu odborné způsobilosti se žádá,"Písemně, minimálně jeden měsíc před koncem platnosti průkazu",Osobně v den vypršení platnosti průkazu,Telefonicky nebo e-mailem kdykoliv v průběhu posledního roku platnosti,"Písemně, nejpozději 6 měsíců před koncem platnosti","ČTÚ potřebuje čas na úřadování. Pokud chceš hladce navázat a nepřijít o možnost vysílat, musíš podat písemnou žádost nejpozději jeden měsíc před vypršením stávajícího průkazu. Když to nestihneš, průkaz propadne a musel bys na zkoušky znovu."
Radiokomunikační předpisy,Při žádosti o prodloužení platnosti průkazu je třeba také,Uhradit příslušný správní poplatek and doložit praxi v obsluze rádiových stanic,Absolvovat kompletní novou písemnou zkoušku na ČTÚ,Doložit potvrzení o lékařské prohlídce a psychotesty,Předložit revizní zprávu od používané radiostanice,Úřad to zadarmo a bez důkazu neudělá. Musíš zaplatit správní poplatek a doložit potvrzení o praxi (že jsi za posledních 10 let opravdu lítal a vysílal).
Radiokomunikační předpisy,"V případě, že doba platnosti průkazu již uplynula, může držitel průkazu žádat o nový průkaz",V období do jednoho roku ode dne pozbytí platnosti průkazu,"Kdykoliv, platnost se obnovuje automaticky zpětně","Pouze do 14 dnů, pak musí opakovat celé zkoušky",Do 5 let od uplynutí platnosti bez nutnosti nových zkoušek,"Pokud ti průkaz propadne, máš ještě ochrannou lhůtu 1 rok na to, abys požádal o nový bez nutnosti znovu skládat zkoušky. Jakmile ale propásneš i tento rok, čeká tě celé testování na ČTÚ odznova."
Radiokomunikační předpisy,Doba platnosti průkazů radiotelefonistů námořní a letecké pohyblivé služby se na základě žádosti držitele prodlužuje o,5 let,10 let,2 roky,Na dobu neurčitou,"Zatímco první vydání průkazu platí na 10 let, každé další prodloužení se poskytuje už jen na 5 let."
Radiokomunikační předpisy,První znak nebo první dva znaky mezinárodní volací značky označují,Státní příslušnost stanice,Typ radiokomunikační služby (letecká/námořní),Výkonový rozsah vysílače,Domovské letiště nebo přístav stanice,"První znak nebo dvojice znaků (tzv. prefix) v radiokomunikacích funguje jako mezinárodní poznávací značka na autě. Okamžitě podle ní poznáš, ze které země stanice vysílá (např. OK pro Česko, OM pro Slovensko, N pro USA)."
Radiokomunikační předpisy,Stejná volací značka,Nemůže být přidělena dvěma nebo více provozovatelům stanic,"Může být přidělena více stanicím, pokud operují v různých kmitočtových pásmech",Může být sdílena v rámci jednoho aeroklubu nebo firmy,Se přiděluje opakovaně každých 5 let novým žadatelům,"Volací značka je jako unikátní rodné číslo nebo registrační značka auta. Aby nedošlo k nebezpečné záměně ve vzduchu, nikdy nesmí existovat dvě stanice se stejnou značkou. Každý provozovatel musí mít svou vlastní, jedinečnou identifikaci."
Radiokomunikační předpisy,"Inspekční orgány zemí, které provedou kontrolu vybavení radiové stanice",Mohou vyžadovat předložení průkazu operátora,"Nemají právo kontrolovat osobní doklady operátora, pouze technický stav zařízení",Mohou průkaz na místě zabavit bez udání důvodu,Jsou povinny kontrolu hlásit 24 hodin předem kapitánovi,"Když na letišti (zejména v zahraničí) přijde kontrola (SAFA inspekce), mají právo zkontrolovat nejen letadlo, ale i posádku. Protože letadlové rádio je vysílací zařízení, inspektoři mohou požadovat předložení tvého průkazu radiotelefonisty, abys prokázal, že k jeho obsluze máš oprávnění."
Radiokomunikační předpisy,Mezinárodní telekomunikační unie (ITU) je,Specializovanou organizací Organizace spojených národů pro oblast telekomunikací,Evropským kontrolním úřadem pro rádiové frekvence,Soukromým sdružením výrobců radiotechniky,Vojenskou organizací spadající pod NATO,"ITU (International Telecommunication Union) sídlí v Ženevě a spadá přímo pod OSN. Je to ta nejvyšší celosvětová autorita, která dává řád všemu, co se týká vysílání – od rozdělení frekvenčních pásem pro letectví až po přidělování národních prefixů (volacích značek)."
Radiokomunikační předpisy,Mezinárodní organizací CEPT se rozumí,Evropská konference poštovních a telekomunikačních správ,Celosvětový výbor pro družicovou navigaci a telekomunikace,Stálá komise pro potlačování průmyslového rušení,Centrum pre evidenci průkazů telekomunikačních operátorů,"CEPT (Conférence Européenne des Administrations des Postes et des Télécommunications) je evropská organizace, která sdružuje telekomunikační úřady (včetně českého ČTÚ). V letectví je důležitá proto, že harmonizuje pravidla a zkoušky napříč Evropou, takže průkazy vydané podle standardů CEPT ti platí i v zahraničí."
Radiokomunikační předpisy,Q-kódem se rozumí,"kódová skupina tří písmen začínající vždy písmenem Q, která má určitý konkrétní, mezinárodně dohodnutý význam",Čtyřmístný číselný kód pro kódování tísňového vysílání,Interní označení kvality signálu na stupnici 1 až 5,Identifikační kód vojenských leteckých základen,"Q-kódy vznikly v dobách telegrafie, aby se zkrátilo vysílání. Jsou to vždy tři písmena začínající na Q (např. QNH pro tlak vzduchu, QTE pro zaměření). Mají pevný mezinárodní význam, takže jim rozumí piloti a řídící letového provozu po celém světě bez ohledu na jazykovou bariéru."
Radiokomunikační předpisy,"Volací značky se přidělují tak, aby nemohly být zaměněny","S tísňovými, pilnostními a bezpečnostními signály nebo s kódovými zkratkami Q-kódu",S názvy komerčních rozhlasových stanic,S registračními značkami motorových vozidel (SPZ),S kódovým označením meteorologických zpráv METAR,"Bezpečnost je na prvním místě. Volací značka nesmí znít jako MAYDAY, PAN PAN, SECURITE nebo jako běžný Q-kód (např. QNH), aby v chrastícím rádiu nevznikl fatální zmatek."
Radiokomunikační předpisy,Volací značkou je,"Každé poznávací označení stanice přidělené podle Radiokomunikačního řádu, které umožňuje zjištění její totožnosti během vysílání",Pouze křestní jméno operátora doplněné o kmitočet,Výhradně typové označení schváleného vysílacího zařízení,Číslo občanského průkazu nebo pasu držitele licence,"Identifikační znak stanice, který slouží k jejímu jednoznačnému rozpoznání při rádiovém provozu. V letectví to může být imatrikulace letadla (např. OK-ABC) nebo název společnosti a číslo letu (např. CSA 123)."
Radiokomunikační předpisy,Telekomunikační tajemství se týká,"Všech osob, které znají obsah rádiových zpráv nebo se dověděly o jejich existenci či o zprávě, která byla doručena prostřednictvím radiokomunikační služby.",Pouze státních zaměstnanců a příslušníků ozbrojených složek.,"Výhradně operátorů, kteří vysílají šifrované zprávy.","Pouze zpráv, které jsou označeny stupněm utajení „Důvěrné“ a vyšším.","Telekomunikační tajemství se týká naprosto každého, kdo se k takové informaci jakýmkoliv způsobem dostal. I když zachytíš cizí vysílání náhodou (např. na skeneru nebo v rádiu), nesmíš obsah zprávy ani samotný fakt, že jsi něco slyšel, nikomu vyzradit ani ho nijak využít."
Radiokomunikační předpisy,"Každý, kdo se dozví informace o skutečnostech, které jsou předmětem telekomunikačního tajemství,",je povinen zachovávat o nich mlčenlivost.,je povinen je neprodleně nahlásit Českému telekomunikačnímu úřadu.,je smí sdílet pouze v rámci rodiny nebo blízkých spolupracovníků.,"je může zveřejnit, pokud tím nevznikne materiální škoda.","Tato povinnost platí bezvýhradně a pro každého. Mlčenlivost musíš zachovávat i poté, co přestanou platit důvody, pro které ses k informaci dostal (například i po skončení letu nebo po odchodu ze zaměstnání v letectví). Výjimkou je pouze situace, kdy tě této mlčenlivosti zbaví zákon nebo soud."
Radiokomunikační předpisy,Předmětem telekomunikačního tajemství je zejména,Obsah zpráv přepravovaných nebo jinak zprostředkovaných telekomunikačními zařízeními a sítěmi s výjimkou zpráv určených veřejnosti.,Technické schéma zapojení vysílací stanice a její výkon.,Seznam všech registrovaných radioamatérů v dané zemi.,Aktuální ceník poplatků za využívání rádiového spektra.,"Předmětem tajemství je vše, co letí vzduchem a není to veřejný rozhlas, zejména samotný obsah hovoru, datového přenosu nebo provozní údaje (kdo, s kým, kdy a odkud mluvil). Zprávy určené veřejnosti (např. meteorologické informace VOLMET nebo ATIS) pod toto tajemství nespadají."
Radiokomunikační provoz,Letecká pohyblivá služba je,Pohyblivá služba mezi leteckými stanicemi a letadlovými stanicemi nebo mezi letadlovými stanicemi navzájem,Radiokomunikační služba určená výhradně pro přenos meteorologických dat letadlům za letu,Služba zajišťující radarové sledování letadel bez možnosti hlasové komunikace,Jakákoliv družicová komunikace zajišťující navigaci letadel na mezinárodních tratích,"Letecká pohyblivá služba (Aeronautical Mobile Service) zajišťuje komunikaci pro všechno, co se hýbe nebo co komunikaci s pohybujícími se objekty řídí. Zahrnuje dva typy komunikace: Země–vzduch / Vzduch–země (mezi pozemní stanicí na letišti a letadlem) a Vzduch–vzduch (mezi dvěma letadly navzájem)."
Radiokomunikační provoz,Letecká pevná služba (AFS dle L10) je,Telekomunikační služba mezi stanovenými pevnými body,Služba pro nouzové radiové spojení letadla s pevnou pozemní stanicí,Radiokomunikační služba určená pro navádění letadel na pevnou přístrojovou dráhu,Pozemní služba zajišťující mechanické upevnění a parkování letadel na stojánce,Letecká pevná služba je vlastně internet nebo „drátový“ telefon pro letiště (L10 je Letecký předpis L10). Jsou to počítače a servery spojené kabely na zemi. Skrz tuhle síť si lidi z jednoho letiště posílají na druhé letiště zprávy o počasí nebo plány letů. Letadlo za letu s tímto spojením nemá nic společného.
Radiokomunikační provoz,Letecká rozhlasová služba (dle L10) je,Služba určená k vysílání informací týkajících se leteckého provozu,Rozhlasové vysílání komerčních stanic určené pro posádky a cestující na palubě,Služba zajišťující obousměrnou komunikaci mezi věží a všemi letadly v sektoru,Hlášení palubního rozhlasu letadla pro cestující během nouzové situace,Letecká rozhlasová služba je prostě jednosměrné rádio pro piloty (L10 je Letecký předpis L10). Funguje to jako rádio v autě – letiště pořád dokola vysílá důležité informace (třeba počasí přes ATIS) a pilot si to jen naladí a poslouchá. Nemůže do toho mluvit.
Radiokomunikační provoz,Pozemní stanice letecké pohyblivé služby je,Letecká stanice,Letadlová stanice,Sledovací radar,Pozemní maják,"Letecká stanice je prostě vysílačka na zemi. Představ si pod tím řídícího na věži, paní na informacích na malém letišti nebo kohokoliv, kdo sedí u stolu na zemi, má před sebou mikrofon a mluví zespodu k letadlům."
Radiokomunikační provoz,Vysílání pokusných signálů nesmí trvat déle než,10 vteřin,5 vteřin,30 vteřin,1 minutu,"Když si v letadle zkoušíš, jestli ti funguje rádio (ladíš ho a zkoušíš mluvit), nesmíš tu frekvenci blokovat dlouho. Můžeš do toho mluvit maximálně 10 vteřin. Pak musíš pustit tlačítko, aby mohli mluvit ostatní."
Radiokomunikační provoz,Při zkušebním vysílání dokonalá čitelnost je uváděna stupněm,5 (Dokonale čitelné),1 (Nejlepší kvalita),10 (Maximální signál),3 (Standardní srozumitelnost),"Když kontroluješ rádio, piloti a řídící používají pro kvalitu zvuku stupnici od 1 do 5. Pětka znamená, že tě slyší úplně čistě a bez šumu – zkrátka dokonale čitelně. Když ti někdo odpoví „slyším vás 5“, je všechno v naprostém pořádku."
Radiokomunikační provoz,Zkušební vysílání musí obsahovat,"volací značku volané stanice, volací značku letadla, slova „ZKOUŠKA RÁDIA“, používaný kmitočet","volací značku letadla, typ letadla, aktuální výšku a slovo „TEST“","jméno pilota, typ radiostanice, stav baterie a slova „ZKOUŠKA SYSTÉMU“",pouze volací značku letadla opakovanou třikrát za sebou,"Při testu rádia je potřeba uvést všechny identifikační údaje, aby protistrana věděla, kdo volá a na jaké frekvenci. V praxi to zní takhle: „Ruzyně Věž, OK-ABC, zkouška rádia na 118,1.“"
Radiokomunikační provoz,Rychlost hovoru při radiotelefonním spojení nemá převyšovat,100 slov za minutu,60 slov za minutu,150 slov za minutu,120 slov za minutu,"Při mluvení do rádia nesmíš kulometit. Mluv pomalu a srozumitelně, maximálně 100 slov za minutu. Je to o dost pomalejší než běžná řeč, aby ti druhá strana rozuměla a stíhala si zapisovat."
Radiokomunikační provoz,Radiotelefonní spojení letadlo – země by se mělo provádět,Všeobecně v jazyce ve kterém komunikuje pozemní stanice,Výhradně v anglickém jazyce bez ohledu na polohu letiště,V rodném jazyce velitele letadla,"V jakémkoliv jazyce, který schválí provozovatel letadla","Do rádia se standardně mluví jazykem, kterým mluví letiště na zemi, na které zrovna voláš. Když letíš v Česku, mluvíš česky (nebo anglicky). Když letíš do Německa, mluví na tebe německy (nebo anglicky). Angličtina funguje jako celosvětová jistota všude."
Radiokomunikační provoz,Zprávy musí být vysílány,V otevřené řeči a ve schválených frázích,V kódovaných zkratkách pro zkrácení vysílacího času,"V libovolné formě, pokud je zachován smysl zprávy",Výhradně s použitím vojenských kódových šifer,"Do rádia nesmíš mluvit v žádných tajných šifrách nebo vlastních kódech. Musíš mluvit normální řečí a používat přesně schválená slovíčka a fráze, kterým všichni piloti i řídící na světě rozumí úplně stejně."
Radiokomunikační provoz,Při vysílání,Zachováváme stále stejnou výši hlasu ve všech fázích hovoru,Zvyšujeme hlas ke konci věty pro zdůraznění významu,"Mluvíme co nejrychleji, aby se uvolnil kmitočet",Šeptáme blízko k mikrofonu pro potlačení hluku motoru,"Do mikrofonu musíš mluvit stále stejně nahlas. Nesmíš na začátku věty řvát a na konci šeptat. Když udržíš stejnou intenzitu hlasu, rádio tě přenese čistě a řídícímu na zemi neprasknou ušní bubínky."
Radiokomunikační provoz,Pořadí zpráv dopravovaných leteckou pohyblivou službou je,"Tísňové, pilnostní, o rádiovém zaměřování, pro zajištění bezpečnosti letů, meteorologické, o pravidelnosti letů","Tísňové, meteorologické, pilnostní, o pravidelnosti letů, o zaměřování","Vládní, tísňové, vojenské, civilní pravidelné, meteorologické","Pilnostní, tísňové, bezpečnostní, meteorologické, provozní","Když se sejde víc zpráv naráz, do rádia mají přednost ty nejdůležitější. Pořadí od nejvyšší priority je: 1. Tísňové (MAYDAY), 2. Pilnostní (PAN PAN), 3. O zaměřování, 4. Bezpečnost letů (příkazy od věže), 5. Meteorologické (počasí), 6. Pravidelnost letů (provozní věci aerolinek)."
Radiokomunikační provoz,MAYDAY je radiotelefonní signál,Tísňové zprávy,Pilnostní zprávy,Meteorologického varování,Ukončení rádiového provozu,"Signál MAYDAY (čte se mé-dé) se používá jen tehdy, když je letadlo nebo posádka ve vážném a bezprostředním nebezpečí a potřebuje okamžitou pomoc (např. vysazení motoru nebo požár). Slovíčko pochází z francouzského „m'aidez“ (pomozte mi)."
Radiokomunikační provoz,PAN PAN je radiotelefonní signál,Pilnostní zprávy,Tísňové zprávy,Zprávy o rádiovém zaměřování,Pravidelného hlášení polohy,"Signál PAN PAN se používá ve chvíli, kdy máš na palubě vážný problém (např. selhaly navigační přístroje, zbláznila se elektronika nebo máš nemocného pasažéra), ale letadlo zatím bezprostředně nepadá. Říkáš tím ostatním: „Mám velký problém, potřebuju přednost, ale situaci kontroluju.“"
Radiokomunikační provoz,Tísňová korespondence,Má přednost před všemi ostatními druhy spojení,Musí být okamžitě přesměrována na záložní kmitočet,Má stejnou prioritu jako pilnostní korespondence,Je povolena pouze ve vojenském vzdušném prostoru,"Tísňová korespondence (MAYDAY) stojí na absolutním vrcholu pyramidy. Jakmile někdo tohle slovo vysloví, všechno ostatní musí okamžitě ztichnout. Žádné zprávy o počasí, žádné běžné hlášení polohy, dokonce ani řídící nesmí mluvit s nikým jiným, dokud se situace nevyřeší. Tíseň má prostě absolutní zelenou."
Radiokomunikační provoz,Pilnostní zpráva,Má přednost před všemi ostatními druhy spojení vyjma tísňového provozu,Má absolutní přednost přede všemi zprávami včetně tísňových,Má nižší prioritu než meteorologické zprávy,Smí se vysílat pouze po předchozím schválení řízení letového provozu,"Pilnostní korespondence (PAN PAN) má na obloze obrovskou váhu. Přetlačí všechny běžné hovory o počasí, plánech letu i příkazy věže. Jediný, komu musí okamžitě uhnout a ustoupit, je tíseň (MAYDAY). Funguje to tedy takto: 1. Absolutní nouze (MAYDAY), 2. Naléhavý problém (PAN PAN), 3. Všichni ostatní."
Radiokomunikační provoz,Tísňový a pilnostní provoz musí být zahájen na kmitočtu,který je v dané chvíli používán,"mezinárodním nouzovém 121,5 MHz za všech okolností",nejbližšího velkého mezinárodního letiště,který schválí velitel letadla před vzletem,"Když nastane průšvih, nezačneš zběsile přelaďovat rádio a hledat nouzovou frekvenci, protože bys mluvil do prázdna. Vyhlásíš to okamžitě na tom kmitočtu, na kterém zrovna seš a na kterém tě před vteřinou slyšel řídící. Ten tě zná, ví kde jsi a hned ti pomůže. Teprve když se nikdo neozve, zkouší se 121,5 MHz."
Radiokomunikační provoz,"Po volání letecké stanice, na které tato stanice neodpoví, je letadlová stanice povinna","Vyčkat nejméně 10 sekund, než provede další volání",Okamžitě opakovat volání s vyšším výkonem vysílače,"Přeladit na nouzový kmitočet 121,5 MHz",Vyhlásit poruchu radiostanice pomocí odpovídače,"Když zavoláš věž a nikdo se neozve, nesmíš okamžitě mačkat tlačítko a křičet tam znova. Musíš počkat aspoň 10 sekund. Tento čas tam je proto, že řídící na zemi mohl zrovna psát důležitou poznámku, mluvit s kolegou u radaru nebo koordinovat jiné letadlo na jiné frekvenci."
Radiokomunikační provoz,"Jména, zkratky a slova, jejichž výslovnost může vyvolat pochybnost, se v radiotelefonním provozu musí",Hláskovat,Vyslovovat velmi hlasitě a pomalu,Nahradit mezinárodním číslem otázky,Přeložit do anglického jazyka,"Když je v názvu nebo zkratce hokej (třeba složité jméno pilota, cizí název hlásného bodu nebo imatrikulace letadla), prostě se to vyhláskuje pomocí mezinárodní abecedy (Alfa, Bravo, Charlie...). Je to nejlepší způsob, jak zabránit tomu, aby si řídící zapsal úplně jiné slovo."
Radiokomunikační provoz,Letadlová stanice udržuje rádiové spojení s řídící stanicí,"vždy, je-li to moguće",pouze při vzletu a přistání,pouze v případě nepříznivého počasí,pokud to vyžaduje velitel letadla,"Řídící musí neustále vědět, kde jsi a co plánuješ, aby tě mohl varovat v případě, že by se k tobě blížilo jiné letadlo. Spojení můžeš přerušit jen tehdy, když ti věž dovolí přeladit, nebo když ztratíš signál kvůli terénu."
Radiokomunikační provoz,Letadlová stanice potvrzuje příjem důležitých zpráv řízení letového provozu nebo jejich částí,Jejich opakováním a připojením vlastní volací značky,Pouhým vyslovením slova „ROZUMÍM“,Dvojitým kliknutím na vysílací tlačítko (klíčováním),Odpovědí „POTVRZUJI“ bez udání volací značky,"Říká se tomu opakování (read-back). Příkaz (třeba povolenou výšku) musíš zopakovat slovo od slova a na konec přidat svou značku (např. OK-ABC). Řídící tak má stoprocentní jistotu, že jsi mu správně rozuměl a že mluví s tebou. Pouhé „Rozumím“ nestačí."
Radiokomunikační provoz,Za letu musí letadlová stanice,Udržovat stálou poslechovou hlídku,Pravidelně vysílat testovací tón každých 15 minut,Mít vypnutý reproduktor a komunikovat jen v nouzi,Monitorovat výhradně komerční rozhlasové stanice,"Znamená to, že po celou dobu letu musí mít pilot nasazená sluchátka nebo zapnutý reproduktor a neustále poslouchat rádio. Vzdušný prostor se rychle mění a řídící tě může vteřinu po vteřině potřebovat varovat před jiným letadlem nebo bouřkou."
Radiokomunikační provoz,Letadlo přechází z jednoho rádiového kmitočtu na druhý,Z příkazu letecké stanice v souladu s dohodnutými postupy,Podle vlastního uvážení pilota na základě polohy letadla,Automaticky každých 30 minut letu,"Pouze v případě, že je původní kmitočet zarušený","Samovolně přeladit rádio jen tak podle vlastního uvážení nesmíš. Vždycky musíš počkat na pokyn od řídícího (např. „Kontaktujte Praha Radar na 127,125“). Ty mu frekvenci zopakuješ, rozloučíš se, přeladíš a na novém kmitočtu se nahlásíš."
Radiokomunikační provoz,Jestliže letadlová stanice není schopna navázat spojení s leteckou stanicí na určeném a jiném kmitočtu pro danou trať,Pokusí se navázat spojení s jiným letadlem nebo jinými leteckými stanicemi,Okamžitě se vrátí na letiště odletu bez dalšího vysílání,Vypne radiostanici a pokračuje v letu podle palubních přístrojů,Aktivuje nouzový signál MAYDAY na všech kmitočtech současně,"Když ti určená věž neodpovídá ani na záložní frekvenci, nesmíš zůstat potichu. Začneš zkoušet kohokoliv v dosahu. Zavoláš jakoukoliv jinou blízkou věž, nebo zkusíš jiné letadlo ve vzduchu na společné frekvenci, aby tvou zprávu řídícímu předalo (tzv. relay)."
Radiokomunikační provoz,Letadlo za letu,Nesmí měnit svou volací značku,Může změnit volací značku po přeletu státní hranice,Mění volací značku při každé změně letové hladiny,Používá libovolnou značku podle uvážení velitele letadla,"Jakmile letadlo vzlétne s jednou volací značkou (např. registrační značkou OK-ABC nebo číslem linky CSA 123), musí si ji nechat po celou dobu letu. Změna značky za letu by způsobila totální chaos na radaru, protože řídící by najednou nevěděli, kdo je kdo. Výjimku může nařídit jen ŘLP (např. kvůli záměně podobných značek)."
Radiokomunikační provoz,Poznávací značka civilního letadla je složena,Ze značky státní příslušnosti a rejstříkové značky,Z výrobního čísla letadla a kódu letecké společnosti,Z čísla letového plánu a zkratky domovského letiště,Z roku výroby letadla a mezinárodního kódu ICAO,"Značka státní příslušnosti určuje zemi (např. OK je Česko, OM Slovensko, D Německo). Rejstříková značka je následující skupina písmen nebo číslic – unikátní kód, pod kterým je konkrétní letadlo zapsané v leteckém rejstříku daného státu."
Radiokomunikační provoz,Volací značku letadla lze tvořit,Radiotelefonním označením provozovatele letadla za kterým následuje označení (číslo) letu v souladu s předpisem ICAO,Jménem kapitána a typem letadla,Typovým označením motoru a kapacitou letadla,Počtem cestujících na palubě a zkratkou cílového letiště,"Místo registrační značky letadla (imatrikulace) se u obchodních letů použije oficiální kód letecké společnosti schválený organizací ICAO a k tomu se přidá konkrétní číslo daného letu (např. CSA 123). Pro řídící je to přehlednější, protože hned vědí, o jakou linku se jedná."
Radiokomunikační provoz,Volací značka letecké stanice je tvořena,"Zeměpisným názvem její polohy a službou, která je k dispozici",Mezinárodním číslem licence a typem antény,Jménem hlavního dispečera a frekvenčním pásmem,Pouze číslem letového sektoru bez zeměpisného názvu,"Zeměpisný název označuje místo, kde se stanice nachází (např. Praha, Brno, Mošnov). Služba vyjadřuje funkci, kterou pro tebe vykonává (např. TOWER/Věž pro řízení vzletů a přistání, RADAR pro přibližování, nebo INFO pro poskytování informací)."
Radiokomunikační provoz,Ve volací značce letecké stanice přibližovacího stanoviště může být název,APPROACH,TOWER,GROUND,CONTROL,"V anglické frazeologii se pro přibližovací stanoviště používá právě výraz APPROACH (v češtině PŘIBLIŽOVÁNÍ). Toto stanoviště tě řídí v širším okolí letiště – navádí letadla z cestovní výšky dolů, řadí je za sebe a předává je na frekvenci věže (Tower) k přistání."
Radiokomunikační provoz,Ve volací značce letecké stanice pro neřízená letiště je název,INFO nebo RADIO,TOWER nebo CONTROL,ARRIVAL nebo DEPARTURE,HOMING nebo BEACON,"Na neřízených letištích (kde není klasický řídící na věži) tě nikdo neřídí, ale dostáváš tam informace o provozu a počasí. RADIO používají stanoviště, která poskytují informace známému provozu na daném letišti (např. „Sazená Radio“). INFO se používá pro letovou informační službu ve větších sektorech (např. „Praha Info“)."
Radiokomunikační provoz,Zkrácenou volací značku použije letadlová stanice,"Pouze v případě, že byla tímto způsobem oslovena leteckou stanicí",Kdykoliv po dosažení cestovní výšky letu,Automaticky po prvních 10 minutách komunikace,"Pokud je kmitočet velmi přetížený, aby se ušetřil čas","Samovolně zkrátit svou značku (např. z OK-ABC na O-BC) nikdy nesmíš. Zkrácenou verzi smíš použít až poté, co tě takto jako první osloví řídící. On tím potvrzuje, že v daném sektoru není žádné jiné letadlo s podobným názvem a nehrozí záměna."
Radiokomunikační provoz,Správné zkrácení volací značky OKABC je,OBC,KABC,OKBC,OABC,"U letadel, která mají jako volací značku svou registraci (imatrikulaci), se zkrácení provádí tak, že se vezme první písmeno a poslední dvě písmena. Značka OK-ABC se tedy správně zkrátí na O-BC (v hláskovací abecedě Oscar Bravo Charlie). Druhé a třetí písmeno se vynechají."
Radiokomunikační provoz,Fráze „vysílám naslepo“ se použije,při neúspěšném navázání spojení,při letu v noci nebo v husté oblačnosti bez radaru,pokud pilot nemá platný průkaz radiotelefonisty,při testování nového typu palubního vysílače,"Fráze „Vysílám naslepo“ (Transmitting blind) se používá, když ti selže přijímač, ale tvůj vysílač pravděpodobně funguje. Ty nikoho neslyšíš, ale oni tebe ano. Odvysíláš zprávu dvakrát za sebou včetně času, polohy, výšky a záměru, aby o tobě měli přehled."
Radiokomunikační provoz,Jestliže letadlová stanice není schopna navázat spojení s leteckou stanicí na určeném kmitočtu,Pokusí se o navázání spojení na jiném kmitočtu pro danou trať,Okamžitě aktivuje tísňový odpovídač 7700,Vypne rádio a pokračuje v letu čistě vizuálně,Vyčká 5 minut a zkusí přesně stejné volání znovu,"Tohle je první logický krok předtím, než začneš volat ostatní letadla nebo zkoušet cizí frekvence. Většina letových sektorů má pro případ výpadku určený záložní (sekundární) kmitočet. Pokud věž neodpovídá na hlavní frekvenci, přeladíš na tento záložní kmitočet a zkusíš to tam."
Radiokomunikační provoz,Všechna čísla se vyslovují,"Jednotlivě, s výjimkou čísel souvisejících s výškou nad hladinou moře, s výškou oblačnosti, dohlednosti a dráhové dohlednosti",Vždy jako celé stovky a tisíce pro zjednokusení komunikace,Po jednotlivých číslicích za všech okolností bez výjimky,V násobcích deseti podle mezinárodního standardu ICAO,V letectví se čísla kvůli srozumitelnosti hláskují po jednotlivých číslicích (např. kurz 150 je „jedna pět nula“). Zmiňované výjimky se ale pro rychlost zaokrouhlují na stovky a tisíce (např. výška 5000 stop se řekne „pět tisíc“ místo pět nula nula nula; dohlednost 8000 metrů se řekne „osm kilometrů“ nebo „osm tisíc“).
Radiokomunikační provoz,Rádiové spojení může být ukončeno,na pokyn letecké stanice,kdykoliv o tom rozhodne velitel letadla,automaticky po opuštění řízeného vzdušného prostoru,pouze po úplném přistání a vypnutí motorů,"O tom, kdy komunikace skončí, rozhoduje letecká stanice (řídící na zemi). Pilot nesmí jen tak přestat poslouchat nebo vypnout rádio. Řídící ti musí ukončení spojení schválit nebo ho sám nařídit (např. slovy „opustěte kmitočet“ nebo ti dá pokyn k přeladění)."
Radiokomunikační provoz,"V radiotelefonním provozu v pásmech VKV se kmitočet 119,000 MHz vyjadřuje",JEDNA JEDNA DEVĚT ČÁRKA NULA,STO DEVATNÁCT MEGAHERTZ,JEDNA JEDNA DEVĚT ČÁRKA NULA NULA NULA,JEDNA DEVĚT ČÁRKA NULA,"V letectví se kmitočty vyjadřují číslicemi jednotlivě a desetinná tečka se v české frazeologii čte jako „ČÁRKA“. Pokud kmitočet končí samými nulami (119,000 MHz), stačí vyslovit pouze první nulu za čárkou a zbytek se pro rychlost odsekne. Proto je správně „JEDNA JEDNA DEVĚT ČÁRKA NULA“."
Radiokomunikační provoz,"V radiotelefonním provozu v pásmech VKV se kmitočet 121,500 MHz vyjadřuje",JEDNA DVA JEDNA ČÁRKA PĚT,STO DVACET JEDNA CELÝCH PĚT,JEDNA DVA JEDNA ČÁRKA PĚT NULA NULA,JEDNA DVA JEDNA PĚT TÍSEŇ,"U kmitočtů zakončených na nuly se koncové nuly vynechávají, takže místo zdlouhavého hláskování všech číslic stačí uvést pouze první číslici za desetinnou čárkou. Kmitočet 121,500 MHz se proto čte zkráceně jako „JEDNA DVA JEDNA ČÁRKA PĚT“ (v angličtině „ONE TWO ONE DECIMAL FIVE“). Jde o mezinárodní nouzový kmitočet."
Radiokomunikační provoz,"V radiotelefonním provozu v pásmech VKV se kmitočet 121,050 MHz vyjadřuje",JEDNA DVA JEDNA ČÁRKA NULA PĚT NULA,JEDNA DVA JEDNA ČÁRKA NULA PĚT,JEDNA DVA JEDNA ČÁRKA PADESÁT,STO DVACET JEDNA ČÁRKA NULA PĚT,"Tento kmitočet se vyjadřuje jako JEDNA DVA JEDNA ČÁRKA NULA PĚT NULA. Protože kmitočet končí nulou, která následuje až za platnými číslicemi (121,050), tato poslední nula se v testových otázkách ČTÚ uvádí celá. Nula hned za čárkou se samozřejmě vyslovit musí, aby nedošlo k záměně s kmitočtem 121,500."
Radiokomunikační provoz,V radiotelefonním provozu v pásmech VKV se vysílací kanál vyjadřuje,Čtyřmi nebo šesti číslicemi,Vždy maximálně třemi číslicemi,Výhradně pěti číslicemi za všech okolností,Libovolným počtem číslic podle typu radiostanice,"V závislosti na kanálové rozteči (25 kHz nebo 8,33 kHz) se frekvence vyjadřuje buď čtyřmi číslicemi (např. 118,1 jako jedna jedna osm čárka jedna) nebo šesti číslicemi (např. 118,005 jako jedna jedna osm čárka nula nula pět)."
Radiokomunikační provoz,"V radiotelefonním provozu v pásmech VKV se kmitočet 118,055 MHz vyjadřuje",JEDNA JEDNA OSUM ČÁRKA NULA PĚT PĚT,STO OSMNÁCT ČÁRKA NULA PADESÁT PĚT,JEDNA JEDNA OSUM ČÁRKA PADESÁT PĚT,JEDNA JEDNA OSUM NULA PĚT PĚT,"U moderního rozestupu kanálů 8,33 kHz se vyjadřuje všech pět nebo šest číslic, pokud je to nutné pro přesnou identifikaci kanálu. Kmitočet 118,055 MHz se v české frazeologii čte jako „JEDNA JEDNA OSUM ČÁRKA NULA PĚT PĚT“ (případně spisovně „OSM“)."
Radiokomunikační provoz,hláskovací abeceda (Národní/Mezinárodní),A - Adam / Alpha /// E - Emil / Echo /// I - Ivan / India,A - Antonín / Alfa /// E - Eduard / Echo /// I - Igor / India,A - Adam / Aeroplane /// E - Emil / Euro /// I - Ivan / Item,A - Alena / Alpha /// E - Eva / Echo /// I - Ivana / India,"Jedná se o standardní mezinárodní a národní hláskovací abecedu používanou pro jednoznačný přenos písmen v radiokomunikačním provozu, aby se předešlo přeslechům a záměnám."
Radiokomunikační provoz,hláskovací abeceda (Národní/Mezinárodní),B - Božena / Bravo /// F - František / Foxtrot /// J - Josef / Juliett,B - Bedřich / Bravo /// F - Filip / Foxtrot /// J - Jan / Juliett,B - Božena / Baker /// F - František / Fox /// J - Josef / John,B - Barbora / Bravo /// F - Ferdinand / Foxtrot /// J - Jiří / Juliett,"Standardní mezinárodní (ICAO) a česká národní hláskovací abeceda pro písmena B, F, J. Pomáhá bezchybně hláskovat imatrikulace letadel a zkratky."
Radiokomunikační provoz,hláskovací abeceda (Národní/Mezinárodní),C - Cyril / Charlie /// G - Gustav / Golf /// K - Karel / Kilo,C - Caesar / Charlie /// G - Gabriel / Golf /// K - Kristián / Kilo,C - Cyril / Charlie /// G - Gustav / George /// K - Karel / King,C - Cecil / Charlie /// G - Gustav / Golf /// K - Kamil / Kilo,"Standardní mezinárodní (ICAO) a česká národní hláskovací abeceda pro písmena C, G, K. Používá se pro jednoznačnou identifikaci v éteru."
Radiokomunikační provoz,hláskovací abeceda (Národní/Mezinárodní),D - David / Delta /// H - Helena / Hotel /// L - Ludvík / Lima,D - Daniel / Delta /// H - Hana / Hotel /// L - Lukáš / Lima,D - David / Delta /// H - Helena / Home /// L - Ludvík / London,D - Dalibor / Delta /// H - Hynek / Hotel /// L - Ladislav / Lima,"Standardní mezinárodní (ICAO) a česká národní hláskovací abeceda pro písmena D, H, L. Klíčové pro správný přenos informací bez šumu."
Radiokomunikační provoz,hláskovací abeceda (Národní/Mezinárodní),M - Marie / Mike /// Q - Quido / Quebec /// U - Urban / Uniform,M - Martin / Mike /// Q - Quido / Queen /// U - Uršula / Uniform,M - Marie / Mother /// Q - Quido / Quebec /// U - Urban / Uncle,M - Miroslav / Mike /// Q - Quentin / Quebec /// U - Unie / Uniform,"Standardní mezinárodní (ICAO) a česká národní hláskovací abeceda pro písmena M, Q, U. Zajišťuje srozumitelnost mezinárodních zkratek a kódů."
Radiokomunikační provoz,hláskovací abeceda (Národní/Mezinárodní),N - Norbert / November /// R - Rudolf / Romeo /// Václav / Victor,N - Nina / November /// R - Richard / Romeo /// V - Vít / Victor,N - Norbert / New York /// R - Rudolf / Roger /// V - Václav / Victory,N - Nataša / November /// R - Roman / Romeo /// V - Vladimír / Victor,"Standardní mezinárodní (ICAO) a česká národní hláskovací abeceda pro písmena N, R, V. Používá se denně při hlášení polohových bodů a imatrikulací."
Radiokomunikační provoz,hláskovací abeceda (Národní/Mezinárodní),O - Otakar / Oscar /// S - Svatopluk / Sierra /// W - dvojité V / Whisky,O - Oto / Oscar /// S - Stanislav / Sierra /// W - dvojité V / William,O - Otakar / Oscar /// S - Svatopluk / Sugar /// W - Walter / Whisky,O - Olga / Oscar /// S - Simon / Sierra /// W - dvojité V / Whisky,"Standardní mezinárodní (ICAO) a česká národní hláskovací abeceda pro písmena O, S, W. Důležité pro mezinárodní koordinaci letů."
Radiokomunikační provoz,hláskovací abeceda (Národní/Mezinárodní),P - Petr / Papa /// T - Tomáš / Tango /// X - Xaver / X-ray,P - Pavel / Papa /// T - Tadeáš / Tango /// X - Xaver / Xylophone,P - Petr / Peter /// T - Tomáš / Tommy /// X - Xaver / X-ray,P - Přemysl / Papa /// T - Tobias / Tango /// X - Xenon / X-ray,"Standardní mezinárodní (ICAO) a česká národní hláskovací abeceda pro písmena P, T, X. Nezbytné pro zvládnutí teoretické zkoušky radiotelefonisty."
Radiokomunikační provoz,hláskovací abeceda (Národní/Mezinárodní),Y - Ypsilon / Yankee /// Z - Zuzana / Zulu,Y - York / Yankee /// Z - Zdeněk / Zulu,Y - Ypsilon / Yellow /// Z - Zuzana / Zero,Y - Yuri / Yankee /// Z - Zachariáš / Zulu,"Standardní mezinárodní (ICAO) a česká národní hláskovací abeceda pro poslední písmena abecedy Y, Z. Kód „Zulu“ se celosvětově používá také pro označení koordinovaného světového času (UTC)."
Radiokomunikační provoz,"Správný Q-kód pro „tlak indikující nadmořskou výšku, přepočtený na střední hladinu moře",QNH,QFE,QNE,QDR,"QNH = Q-code Nautical Height. Když si tento tlak nastavíš na výškoměru na zemi, přístroj ti ukáže skutečnou nadmořskou výšku letiště (nad střední hladinou moře). Po přistání na pláži u moře by ti výškoměr ukazoval přesně nulu."
Radiokomunikační provoz,Správný Q-kód pro „magnetický kurs pro směr k zaměřovači“,QDM,QDR,QTE,QNH,"Pro snazší zapamatování se v letectví používá mnemotechnická pomůcka: QDM = Quick Direct Magnetic (Rychle a přímo k majáku). Jeho opakem je QDR, což je magnetický zaměřený směr od majáku (radiál)."
Radiokomunikační provoz,Správný Q-kód pro „žádost o zaměření“,QDL,QTE,QDM,QDR,"Tady pozor, QDL je chyták v testech ČTÚ. Kód QDL sice historicky souvisí se zaměřováním, ale znamená „sérii zaměření ke stanovení přesné polohy“. Správný Q-kód pro samotnou žádost o zaměření (nebo dotaz na zeměpisný směr od stanice) je QTE."
Radiokomunikační provoz,Správná zkratka pro „vzletová a přistávací dráha“,RWY,TWY,APN,THR,RWY je mezinárodní zkratka pro Runway (vzletovou a přistávací dráhu). Pro pojezdovou dráhu se používá zkratka TWY (Taxiway).
Radiokomunikační provoz,Správná zkratka pro „automatická informační služba koncové řízené oblasti“,ATIS,AFIS,METAR,CTR,"ATIS znamená Automatic Terminal Information Service. Jedná se o nepřetržité automatické vysílání podstatných informací pro přistávající a odlétající letadla na daném letišti (obsahuje počasí, používanou dráhu, tlak vzduchu QNH atd.)."
Radiokomunikační provoz,Správná zkratka pro „letová informační oblast“,FIR,TMA CTR,ATZ,"FIR znamená Flight Information Region (Letová informační oblast). V Česku máme jeden velký FIR Praha, který pokrývá vzdušný prostor nad celou republikou od země až do vysokých letových hladin.",
Radiokomunikační provoz,Správná zkratka pro „kmitočet“,FREQ,KHZ,MHZ,CHAN,FREQ je standardní zkratka z anglického slova Frequency (kmitočet / frekvence). Používá se v mapách a letových příručkách k označení rádiových kmitočtů jednotlivých stanovišť.
Radiokomunikační provoz,Zkušební vysílání musí obsahova,"Volací značku volané stanice, volací značku letadla, slova „ZKOUŠKA RÁDIA“, používaný kmitočet",Pouze volací značku letadla a slova „TEST VYSÍLAČE“,"Volací značku letadla, aktuální čas a polohu letadla","Typ radiostanice, jméno operátora a sériové číslo přístroje","Otázka se opakuje kvůli ověření struktury hlášení: „Ruzyně Věž, OK-ABC, ZKOUŠKA RÁDIA na kmitočtu 118,100.“"
Radiokomunikační provoz,kód QFE se vztahuje k,Tlaku vzduchu vztaženému k nadmořské výšce letiště,Tlaku vzduchu přepočtenému na hladinu moře,"Standardnímu tlaku vzduchu 1013,25 hPa",Teplotě vzduchu na povrchu dráhy,"QFE = Q-code Field Elevation (tlak na letištním poli). Je to skutečný, reálný tlak vzduchu naměřený přímo na daném letišti."
Radiokomunikační provoz,"V případě, že letadlo stojí na ploše letiště a hodnota tlaku je nastavena na QFE, bude výškoměr ukazovat",Nulu,Nadmořskou výšku letiště,Výšku podle standardní atmosféry,Tlak v kilopascalech,"Pokud stojíš na letišti a nastavíš si tlak QFE (tlak na úrovni letiště), výškoměr bude ukazovat nulu (0 ft nebo 0 m). Při nastavení QNH ukazuje nadmořskou výšku letiště."
Radiokomunikační provoz,Odchylky od spisovné češtiny při vysílání čísel jsou,"U číslic: 2, 4, 7, 8","U číslic: 1, 3, 5, 9","U číslic: 0, 4, 6, 8","Žádné odchylky nejsou povoleny, mluví se přísně spisovně","Kvůli dokonalé srozumitelnosti v chrastícím rádiu se záměrně používají tyto upravené tvary: 2 - Dva, 4 - Čtyry, 7 - Sedum, 8 - Osum. Brání to záměně slov (např. sedm a osm zní v šumu velmi podobně)."
Radiokomunikační provoz,Nastavení výškoměru na hodnotu 1000 hPa se vysílá takto:,jeden tisíc,jedna nula nula nula,tisíc hektopascalů,QNH tisíc,1000 hPa se vysílá jako „JEDEN TISÍC“ (v anglické frazeologii „ONE THOUSAND“). Zaokrouhluje se na celé tisíce pro vyšší rychlost a srozumitelnost hlášení.
Radiokomunikační provoz,Nastavení výškoměru na hodnotu 1009 hPa se vysílá takto:,QNH JEDNA NULA NULA DEVĚT,jedna nula nula devět hektopascalů,QNH tisíc devět,jedna nula nula devět,"Tlak 1009 hPa se vyjadřuje po jednotlivých číslicích jako „QNH JEDNA NULA NULA DEVĚT“ (v anglické frazeologii „QNH ONE ZERO ZERO NINER“). U hodnot, které nejsou kulaté tisíce nebo stovky, se čísla hláskují."
Radiokomunikační provoz,Letová hladina FL 300 se vysílá takto:,letová hladina TŘI STA,letová hladina tři nula nula,letová hladina tři sta nula,výška třicet tisíc stop,"FL 300 se vysílá jako „LETÓVÁ HLADINA TŘI STA“ (v anglické frazeologii „FLIGHT LEVEL THREE HUNDRED“). Kulaté stovky letových hladin se čtou jako celé slovo, ne po číslicích."
Radiokomunikační provoz,Letová hladina FL 180 se vysílá takto:,letová hladina JEDEN OSUM NULA,letová hladina sto osmdesát,letová hladina jedna osm nula nula,výška osmnáct tisíc stop,"FL 180 se vysílá po číslicích jako „LETÓVÁ HLADINA JEDNA OSUM NULA“ (v anglické frazeologii „FLIGHT LEVEL ONE EIGHT ZERO“). Jelikož to není kulatá stovka (jako 100, 200, 300), musí se vyhláskovat každá číslice zvlášť s použitím nespisovného „OSUM“."
Radiokomunikační provoz,Potvrzení příjmu leteckou stanicí musí obsahovat,"Volací značku letadla za kterou následuje, je-li to nutné, volací značka letecké stanice",Pouze slovo „POTVRZUJI“,Celé znění původní zprávy bez volací značky,Jméno operátora a aktuální čas potvrzení,"Správná struktura potvrzení od pilota je: Obsah zprávy / instrukce (kterou pilot opakuje – např. stoupání, kurz, povolení ke vzletu) a volací značka letadla na úplném konci relace."
Radiokomunikační provoz,Rádiové spojení může být ukončeno,na pokyn letecké stanice,"v okamžiku, kdy pilot opustí řízenou oblast",po schválení velitelem letadla bez vědomí pozemní stanice,automaticky po 30 minutách bez komunikace,"Otázka se opakuje v databázi ČTÚ. Řídící stanice (tedy ta pozemní letecká stanice – např. Věž, Information, Radar) má hlavní slovo a řídí provoz na frekvenci. Rádiové spojení se ukončuje výhradně na její pokyn."
Radiokomunikační provoz,Volací znak INFORMATION je přiřazen,"letištím, poskytujícím službu AFIS",všem řídícím věžím na mezinárodních letištích,meteorologickým stanicím na zemi,vojenským radarovým střediskům,Volací znak INFORMATION je přiřazen stanicím poskytujícím letovou informační službu (FIC) pro neřízený prostor. Pro letiště poskytující službu AFIS (Airport Flight Information Service) se používá kratší volací znak INFO (např. Benešov Info).
Radiokomunikační provoz,Volací znak INFORMATION je přiřazen,letovým informačním střediskům např. FIC Praha,radiokomunikačním stanicím aeroklubů,palubnímu rozhlasu pro cestující,automatickému vysílání ATIS,Tohle je ta správná odpověď vystihující plný název. Volací znak INFORMATION (oficiálně např. „Praha Information“) patří letovým informačním střediskům (FIC – Flight Information Centre). Tato služba se stará o piloty letící mimo řízené prostory (VFR lety) po celém území státu.
Radiokomunikační provoz,fráze „čekejte“ znamená,"čekejte, zavolám Vás",vypněte vysílač a vyčkejte 5 minut,přelaďte na záložní kmitočet a čekejte,opakujte své poslední volání,"Fráze „Čekejte“ (Standby) znamená, že řídící tě zaregistroval, ale zrovna řeší jinou důležitou situaci nebo hovoří s jiným letadlem. Nesmíš dál mluvit, kmitočet je obsazen a musíš počkat, až tě sám vyveze znova."
Radiokomunikační provoz,fráze „konec“ znamená,rozhovor je ukončen a neočekává se odpověď,"moje vysílání skončilo, očekávám Vaši odpověď",došlo k poruše radiostanice,opouštím vzdušný prostor,"Fráze „Konec“ (Out) se používá na absolutní závěr komunikace, kdy je hovor kompletně vyřízen a druhá strana už na to nemá nijak odpovídat. V běžném leteckém provozu se často nahrazuje pozdravem „slyšenou“ nebo „nashledanou“."
Radiokomunikační provoz,fráze „provedu“ znamená,rozumím Vaší zprávě a budu podle ní postupovat,"zprávu jsem přijal, ale nemohu ji splnit",opakujte příkaz ještě jednou,předávám velení druhému pilotovi,"Fráze „Provedu“ (Wilco - Will Comply) je závazné potvrzení. Říkáš tím: Rozumím tomu, co po mně chceš, a okamžitě to jdu v letadle udělat (např. zatočit do kurzu nebo začít klesat)."
Radiokomunikační provoz,fráze „potvrďte“ znamená,"potvrďte mi, že jste zprávu přijal a rozuměl jí",schvaluji Váš požadovaný úkon,zopakujte celou zprávu od začátku,tísňová situace byla úspěšně vyřešena,"Fráze „Potvrďte“ (Confirm) se používá jako dotaz, když si řídící nebo pilot chce ověřit, zda informace platí nebo zda byla správně pochopena (např. „Potvrďte podvozek vysunut“)."
Radiokomunikační provoz,fráze „příjem“ znamená,"moje vysílání skončilo, očekávám Vaši odpověď",potvrzuji úspěšné přistání na dráze,signál je dokonale čitelný,rozhovor je kompletně ukončen,"Fráze „Příjem“ (Over) dává druhé straně najevo, že jsi domluvil svou větu, pouštíš tlačítko vysílání a teď je řada na ní, aby mluvila. V běžném provozu se dnes už často vynechává, protože konec relace je jasný z kontextu."
Radiokomunikační provoz,fráze „rozumím“ znamená,přijal jsem vše z Vašeho posledního vysílání,provedu Váš příkaz v plném rozsahu,schvaluji Váš letový plán,tvoje vysílání je rušeno šumem,"Fráze „Rozumím“ (Roger) znamená čistě jen to, že jsi fyzicky slyšel a přijal všechna slova z poslední relace. Pozor – neznamená to souhlas ani závazek, že příkaz provedeš (k tomu slouží fráze „Provedu“)."
Radiokomunikační provoz,fráze „schváleno“ znamená,povolení pro požadovaný úkon je schváleno,letadlo může okamžitě vzlétnout,zkouška rádia dopadla úspěšně,letový plán byl zrušen,"Fráze „Schváleno“ (Approved) se používá pro schválení různých nestandardních požadavků pilota, které nejsou přímým letovým povolením (např. schválení nahození motoru, schválení změny frekvence atd.)."
Radiokomunikační provoz,fráze „negativ“ znamená,povolení není potvrzeno – to není správné – ne,signál je nečitelný a plný šumu,klesejte do nižší letové hladiny,opakujte vysílání na záložním kmitočtu,"Fráze „Negativ“ (Negative) je mezinárodní jasné označení záporu. Používá se místo českého krátkého „ne“, které by se mohlo v šumu snadno přeslechnout nebo zaniknout."
Radiokomunikační provoz,fráze „opakujte“ znamená,opakujte vše nebo následující část Vašeho posledního vysílání,opakujte celý let od bodu vzletu,zvyšte výkon svého vysílače,přepněte odpovídač na nouzový kód,"Fráze „Opakujte“ (Say again) se používá, když jsi kvůli rušení nebo rychlé řeči nerozuměl a potřebuješ, aby ti protistrana celou větu (nebo její část) zopakovala."
Radiokomunikační provoz,fráze „správně“ znamená,to je správné,povolení ke vzletu je uděleno,signál dosáhl stupně čitelnosti 5,rozhovor byl úspěšně zaznamenán,"Fráze „Správně“ (Correct) se používá k potvrzení, že druhá strana zopakovala příkaz (read-back) naprosto bezchybně."
Radiokomunikační provoz,fráze „vzlet schválen“,není přípustná,znamená povolení ke vzletu za všech okolností,používá se pouze na neřízených letištích,je vyhrazena pro vojenská proudová letadla,"Jediná fráze, u které chybí slovo „znamená“, protože není přípustná. V letectví se z bezpečnostních důvodů smí pro samotný vzlet použít výhradně fráze „VZLET POVOLEN“ (Take-off cleared), aby nedošlo k záměně s jiným schválením na zemi a letadlo nevletělo pod jiné přistávající letadlo."
Radiokomunikační provoz,"simplexní provoz je způsob provozu rádiové stanice, který","využívá jeden nebo dva kmitočty a umožňuje přenos zpráv střídavě v obou směrech, např. pomocí ručního ovládání, přičemž během vysílání zpráv není možný současný příjem zpráv",umožňuje nepřetržitý přenos zpráv v jednom směru bez možnosti jakékoliv odpovědi druhé strany,vyžaduje automatické digitální šifrování všech odesílaných zpráv prostřednictvím satelitní sítě,zajišťuje současné mluvení i poslech obou stanic na stejném kmitočtu bez jakéhokoliv omezení,"Simplexní provoz je základem letecké komunikace. Klíčové je slovo střídavě: Buď mluvíš (vysíláš), nebo posloucháš (přijímáš). Jakmile zmáčkneš tlačítko vysílání (PTT), tvůj přijímač se odmlčí. Pokud by začal mluvit někdo jiný, navzájem se vymažete a uslyšíte jen pískot."
Radiokomunikační provoz,"duplexní provoz je způsob provozu rádiové stanice, který",umožňuje současný přenos zpráv oběma směry a vyžaduje současné využívání dvou kmitočtů (kanálů).,umožňuje přenos zpráv pouze mezi dvěma pevně stanovenými pozemními body pomocí kabelového vedení,automaticky přepíná kmitočet každých 10 vteřin pro ochranu proti rušení,zakazuje současný příjem zpráv a funguje výhradně přes ruční ovládání tlačítkem PTT,"Duplex funguje jako klasický mobilní telefon. Protože se využívají dva kmitočty současně (jeden pro vysílání a druhý pro příjem), mohou obě strany mluvit i poslouchat ve stejný okamžik. V běžné letecké komunikaci mezi pilotem a věží se ale duplex nepoužívá – tam kraluje simplex."
Radiokomunikační provoz,"Při frázi MEZERA MEZERA pro dvě letadlové stanice, pořadí pro odpovědi volaných stanic je následující:",odpovídá druhá oslovená stanice,odpovídá první oslovená stanice,obě stanice odpovídají současně bez ohledu na pořadí,"ani jedna stanice neodpovídá, hovor je tímto ukončen","Netuším proč, ani AI neví a prej je to v praxi logicky naopak, ale v testech ČTÚ je prostě správná odpověď, že odpovídá druhá oslovená stanice. Chyták, který si musíte zapamatovat čistě pro účely úspěšného složení zkoušky."
Elektrotechnika a radiotechnika,Paralelně řazené akumulátory,Umožňují dodávat větší proud,Zvyšují dodávané celkové napětí,Snižují celkovou kapacitu zdroje,Zamezují přehřívání vodičů,"Představ si paralelní zapojení jako dva lidi, co tlačí auto vedle sebe (paralelně). Napětí (Volty) zůstává stejné, protože oba tlačí stejným směrem. Proud (Ampéry / síla) se ale spojí, takže mají větší sílu (proud) a auto utlačí snáz. U zkoušky si pamatuj: Paralelně = větší proud (větší výdrž / větší síla)."
Elektrotechnika a radiotechnika,Sériově řazené akumulátory,Se zapojují pro zvýšení dodávaného napětí,Umožňují dodávat větší proud,Snižují vnitřní odpor celého systému,Slouží výhradně k nouzovému zálohování,"Tohle je přesný opak toho minulého. Představ si sériové zapojení jako dva lidi stojící v řadě za sebou (v sérii). Ten zadní tlačí do zad toho předního. Proud (Ampéry) se nezvětší, protože to pořád protéká přes stejnou „frontu“. Napětí (Volty) se ale sečte a zvýší, protože ty baterky tlačí sílu za sebou. Příklad: Dvě 12V baterky v sérii ti dají 24V. U zkoušky: Sériově = větší napětí (Volty)."
Elektrotechnika a radiotechnika,Jmenovité napětí článku olověného akumulátoru je,2 V,"1,2 V","1,5 V","2,4 V","Pomůcka: Olovo je hrozně těžké a má 2 slabiky (O-LO-VO = 2 V... no dobře, má tři, ale představ si dvě velká O jako dvě těžké olověné koule). Nebo ještě líp: Klasická autobaterie je olověná, má 12 V a skládá se ze 6 článků. 12 / 6 = 2. U zkoušky: Olovo = 2 V (nejvíc ze všech tří)."
Elektrotechnika a radiotechnika,Jmenovité napětí článku alkalického akumulátoru je,"1,2 V","1,5 V",2 V,"1,0 V","Pomůcka: Alkalický akumulátor (nabíjecí baterka) má nejmíň ze všech. Když ji koupíš, tak na rozdíl od klasické tužkovky (1,5 V) má tahle nabíjecí o něco míň síly, jen 1,2 V. U zkoušky: Nabíjecí (alkalická) = 1,2 V (nejmíň)."
Elektrotechnika a radiotechnika,Jmenovité napětí suchého galvanického článku je,"1,5 V","1,2 V",2 V,3 V,"Pomůcka: To je ta úplně klasická tužková baterka (AA nebo AAA), co dáváš do ovladače od televize. Na ní je vždycky obřím písmem napsáno 1,5 V. U zkoušky: Suchá tužkovka = 1,5 V (střed)."
Elektrotechnika a radiotechnika,Suché galvanické články,Nelze dobíjet,Lze dobíjet speciální pulsní nabíječkou,Lze dobíjet pouze do 50% jejich kapacity,Jsout konstruovány pro střídavé sítě,"Tohle zná každý z domova. Suchý galvanický článek je ta obyčejná, klasická jednorázová baterka (třeba zinkouhlíková nebo běžná alkalická z obchodu, co nese označení „Do not recharge“). Jakmile se vybije, je chemická reakce uvnitř u konce a baterka je na vyhození (do červeného koše na elektroodpad!). Kdybys ji zkusil strčit do nabíječky, v lepším případě vyteče, v horším ti bouchne pod rukama. Akumulátor dobíjet můžeš, suchý článek NE."
Elektrotechnika a radiotechnika,Antény dělíme podle směru vysílání nebo příjmu na,Směrové a všesměrové,Aktivní a reaktivní,Vysokofrekvenční a nízkofrekvenční,Vertikální a horizontální,"Všesměrové (všesměry): Vysílají nebo přijímají signál kolem dokola (360°). Představ si to jako klasický prut na autě nebo na letadle. Je jedno, kde stanice je, slyíš ji odevšad stejně. Směrové: Soustředí veškerou sílu do jednoho konkrétního směru (jako baterka). Příkladem je klasická televizní anténa na střeše (tzv. Yagi), kterou musíš přesně namířit na vysílač, jinak nechytneš nic."
Elektrotechnika a radiotechnika,Všesměrová anténa má vyzařovací charakteristiku,Kruhovou,Osmičkovou,Srdcovou (kardioidní),Úzce směrovanou kuželovou,"Uvažuješ naprosto správně. Celý kruh má 360 stupňů, takže když anténa střílí signál do všech 360 stupňů kolem sebe, její vyzařovací charakteristika (to, jak ten signál vypadá na mapě) je prostě kruh."
Elektrotechnika a radiotechnika,Všesměrová anténa musí přijímat nebo vysílat stejně všemi směry,V horizontální rovině,V vertikální rovině,V podélné ose letadla,Směrem k zemskému jádru,Všesměrová = kruh = horizontální rovina.
Elektrotechnika a radiotechnika,Půlvlnný dipól,"Může být směrová i všesměrová anténa, záleží na jeho orientaci k zemskému povrchu",Je výhradně směrová anténa za všech okolností,Funguje pouze jako přijímací anténa,Vysílá signál pouze do horního poloprostoru,"Když drát stojí jako prut na autě, střílí do kruhu všude kolem = všesměr. Když drát leží, střílí jen do boků a ne do konců = směrová. Závěr: Záleží na tom, jak ho otočíš k zemi! U zkoušky tedy platí: Půlvlnný dipól = může být směrová i všesměrová podle orientace k zemi."
Elektrotechnika a radiotechnika,Půlvlnný dipól umístěný rovnoběžně se zemským povrchem,Má v horizontální rovině osmičkovou vyzařovací charakteristiku,Má dokonale kruhovou vyzařovací charakteristiku,Nevysílá do stran žádný užitečný signál,Mění polarizaci v závislosti na denní době,Drát leží (vodorovně) -> střílí jen dopředu a dozadu -> na mapě to nakreslí osmičku. Ležící dipól = osmičková charakteristika.
Elektrotechnika a radiotechnika,"Vztah mezi délkou vlny (λ) a kmitočtem (f), když c je rychlost světla, je",f = c / λ,f = c * λ,f = λ / c,f = c^2 * λ,"Zapamatuj si slovo FCB (jako fotbalový Baník nebo Barcelona), akorát místo B je tam ta řecká potvora lambda."
Elektrotechnika a radiotechnika,Který typ modulace mění kmitočet vysokofrekvenčního signálu v závislosti na přiváděném modulačním napětí,Kmitočtová modulace,Amplitudová modulace,Fázová modulace,Pulzně kódová modulace,"V otázce máš: „mění kmitočet“. Správná odpověď je: Kmitočtová modulace. Možná to znáš z rádia pod zkratkou FM (Frequency Modulation = Kmitočtová modulace). Když ladíš rádio na FM, posloucháš přesně tohle."
Elektrotechnika a radiotechnika,Ampérmetr a voltmetr se při měření zařazují,"Ampérmetr do série se spotřebičem, voltmetr paralelně ke spotřebiči","Voltmetr do série se spotřebičem, ampérmetr paralelně ke spotřebiči",Oba měřicí přístroje se zapojují zásadně paralelně,Oba měřicí přístroje se zapojují zásadně do série,"Ampérmetr - Série (A-S) - Měří proud, dává se do cesty. ABS. Voltmetr - Paralelně (V-P) - Měří napětí, dává se vedle. VIP."
Elektrotechnika a radiotechnika,"V suchém, bezprašném prostředí (zamýšlené použití elektrického zařízení nezvyšuje nebezpečí úrazu elektrickým proudem) považujeme při dotyku živých částí zařízení během jeho obsluhy za bezpečná napětí",Stejnosměrné do 60 V a střídavé do 25 V,Stejnosměrné do 25 V a střídavé do 60 V,Stejnosměrné i střídavé jednotně do 50 V,Stejnosměrné do 110 V a střídavé do 48 V,"Stejnosměrný proud je pro lidské tělo o něco méně nebezpečný (nekope v rytmu frekvence), takže jeho limit je vyšší (60 V). Střídavý proud (ten, co máš doma v zásuvce) je nebezpečnější, takže tě pustí jen na nižší hodnotu (25 V). Pamatuj si dvojici 25 a 60 (střídavé je to menší)."
Elektrotechnika a radiotechnika,Při úrazu elektrickým proudem,"Vyprostíme postiženého z dosahu el. proudu, zavoláme záchrannou službu, provedeme záklon hlavy a dojde-li k selhání základních životních funkcí (tep, puls, vědomí), zahájíme resuscitaci masáží srdce až do příjezdu záchranářů, případně umělým dýcháním.",Nejprve postiženému zkontrolujeme doklady a zjistíme krevní skupinu.,"Okamžitě zahájíme umělé dýchání bez ohledu na to, zda je vodič pod napětím.",Odsuneme postiženého libovolným kovovým předmětem a vyčkáme probuzení.,"1. Bezpečnost na prvním místě - Nejprve vyprostit postiženého z dosahu proudu (vypnout jistič, odsunout drát suchým dřevem), abys sám nedostal ránu. 2. Volat 155 - Záchranka musí být na cestě hned. 3. Záklon hlavy - Klíčový krok pro zprůchodnění dýchacích cest. 4. Masáž srdce - Pokud nedýchá nebo nemá puls, okamžitě začít mačkat střed hrudníku (frekvencí zhruba 100-120x za minutu – rytmus písničky Stayin' Alive), případně s umělým dýcháním v poměru 30 stlačení ku 2 vdechům."
Elektrotechnika a radiotechnika,Funkce „SQUELCH“ VKV radiostanice je určena,K potlačení slabších rušivých signálů včetně vlastního šumu přijímače.,K automatickému ladění na nejsilnější stanici v okolí,Ke zvýšení vysílacího výkonu při zhoršeném spojení,K šifrování hlasového přenosu proti odposlechu,Mnemotechnická pomůcka: Slovíčko Squelch zní trochu jako „skřípnutí“ nebo „utnutí“. SQUELCH - Utne Šum.
Elektrotechnika a radiotechnika,Údaj elektrické napětí 2 V lze také zapsat,2000 mV,200 mV,"0,002 mV",20 mV,"Když jdeš z hlavní jednotky (Volt) na menší s předponou „mili“, posouváš desetinnou čárku o 3 místa doprava (nebo prostě připíšeš tři nuly)."
Elektrotechnika a radiotechnika,Kmitočet 406 MHz lze také zapsat,"0,406 GHz","40,6 GHz",4060 GHz,"4,06 GHz","Při převodu z menší jednotky (Mega) na větší (Giga) se číslo zmenší, takže desetinnou čárku posuneš o tři místa doleva."
Elektrotechnika a radiotechnika,Délka rádiové vlny v pásmu 160 MHz (VHF) je,cca. 2 m,cca. 20 m,cca. 20 cm,"cca. 0,5 m","Pro 160 MHz: 300 / 160 - cca 1,87 m (zaokrouhleno na 2 metry). Vyšší frekvence - kratší vlna. Nižší frekvence - delší vlna."
Elektrotechnika a radiotechnika,"Vztah mezi napětím (U), proudem (I) and odporem (R) je:",U = R*I,U = R / I,U = I / R,U = R + I,U = R * I (U-R-I - pamatuj si jméno jako Švýcarský kanton Uri nebo prostě slovo URI). Na konci je vždycky I.
Elektrotechnika a radiotechnika,"Vztah mezi výkonem (příkonem) (P), napětím (U) a proudem (I) je:",P = U*I,P = U / I,P = I / U,P = U + I,"Zapamatuj si slovo PUI (čti „puj“) nebo značku PUMA, akorát místo MA tam dáš I. Na konci je vždycky I."
Elektrotechnika a radiotechnika,Radiostanice odebírající z baterie 12 V proud 500 mA má příkon,6 W,60 W,"0,6 W",12 W,"12 V * 0,5 A - 6 W. Před násobením vždycky předělej miliampéry (mA) na Ampéry (A) tak, že škrtneš tři místa."
Elektrotechnika a radiotechnika,Tři dobré vodiče elektřiny jsou,"měď, zlato, stříbro","sklo, plast, guma","voda, dřevo, křemík","hliník, porcelán, papír","Měď, zlato a stříbro mají volné elektrony a kladou proudu nejmenší odpor."
Elektrotechnika a radiotechnika,Čtyři dobré izolanty jsou,"sklo, vzduch, plast, porcelán","měď, grafit, železo, zinek","olej, vlhká půda, hliník, rtuť","uhlík, destilovaná voda, olovo, bronz","Izolanty nepouští elektrický proud, protože nemají volné nosiče náboje."
Elektrotechnika a radiotechnika,Ke zdroji 10 V jsou připojeny dva odpory 10 Ω zapojené do série. Odebíraný příkon činí:,5 W,10 W,20 W,"2,5 W",Příkon se dá spočítat i přímo jako P = U^2 / R. Napětí na druhou je 10 X 10 = 100. Celkový odpor je v sérii 10 + 10 = 20 Ohm. A 100 / 20 Ohm je rovnou 5 W.
Elektrotechnika a radiotechnika,"Radiotechnická součástka je identifikována jako kondenzátor, pokud se její hodnota měří v",pF,GHz,H,Ohm,Kondenzátor - pF (pikoFarad). Odpory jsou v Ohmech a cívky v Henry (H).
Elektrotechnika a radiotechnika,Výstupním výkonem stanice se rozumí,výkon koncového stupně vysílače dodávaný do napaječe anténního systému.,celkový příkon odebíraný radiostanicí z akumulátoru,vyzařovaný výkon změřený v hlavní ose směrové antény,ztrátový výkon přeměněný v koncových tranzistorech na teplo,"Výstupní výkon - konec vysílače / začátek napaječe. Představ si to jako motor v autě: Výstupní výkon je výkon samotného motoru, ne to, co nakonec přenesou kola na asfalt."
Elektrotechnika a radiotechnika,Je možné vysílat bez antény?,"Ne, hrozí poškození radiostanice","Ano, ale signál bude mít poloviční dosah","Ano, pokud snížíme napájecí napětí na minimum","Ano, ale pouze v učebním módu pro testování paměti","Bez antény NEVYSÍLAT - hrozí zničení (uhoření) koncového tranzistoru. Přijímat (jen poslouchat) bez antény klidně můžeš (nic se nezkazí, jen nic neuslyšíš), ale vysílat nikdy."
Elektrotechnika a radiotechnika,"Co NENÍ možné dělat, když máme stisknuté tlačítko pro vysílání (PTT)?",přijímat jiné vysílání,měnit hlasitost reproduktoru,sledovat indikátor vysílaného výkonu,hovořit do palubního mikrofonu,"Stisknuté PTT - Jen vysílám, neslyším nic jiného. Funguje to jako mluvení do megafonu – když do něj křičíš, taky neslyšíš, co ti lidé odpovídají z dálky, dokud nepřestaneš."
Elektrotechnika a radiotechnika,V jakém kmitočtovém pásmu pracuje letadlová VHF radiostanice?,118–137 MHz,"87,5 – 108 MHz",108 – 118 MHz,144–146 MHz,"87,5 – 108 MHz: Tvoje rádio v autě (komerční stanice, hudba, zprávy). 108 – 118 MHz: Letecké navigační majáky (nepřetržitě pískají kód v morzeovce, podle kterého letadla poznají, kde jsou). 118 – 137 MHz: Letecká radiostanice (přesně to naše pásmo, kde mluví piloti a věž)."